"instruction","response"
"Write a poem about sunshine","Here's a short poem about sunshine:\nGolden rays pierce morning sky\nWarm embrace from up on high\nNature wakes to greet the day\nAs shadows slowly fade away"
"Explain photosynthesis","Photosynthesis is the process plants use to make food from sunlight. Plants take in carbon dioxide from the air and water from the soil, then use sunlight's energy to convert these into glucose and oxygen. The glucose provides energy for the plant while oxygen is released into the air."
"What is the capital of France?","The capital of France is Paris. It is located in northern France and is the country's largest city, serving as its political, economic, and cultural center since the Middle Ages."
"Define machine learning","Machine learning is a branch of artificial intelligence where computer systems learn and improve from experience without being explicitly programmed. They identify patterns in data to make predictions and decisions."
"Calculate 15% of 85","To calculate 15% of 85:\n1. Convert 15% to decimal: 15/100 = 0.15\n2. Multiply: 85 Ã— 0.15 = 12.75\nTherefore, 15% of 85 is 12.75"
"Suggest a healthy breakfast","A healthy breakfast could include:\n- Oatmeal with fresh berries\n- Greek yogurt\n- A handful of nuts\n- Green tea\nThis provides protein, fiber, healthy fats, and antioxidants to start your day."
"What causes rain?","Rain occurs when water vapor in the atmosphere condenses into water droplets. As these droplets become too heavy to remain suspended in the air, they fall as precipitation. This usually happens when warm air rises, cools, and can no longer hold as much moisture."
"Write a short story about a cat","Once there was a curious cat named Whiskers who loved exploring her neighborhood. One day, she discovered a mysterious garden filled with colorful butterflies. As she watched them dance through the air, she realized sometimes the best adventures are found right in your own backyard."
"How to tie a shoelace?","To tie a shoelace:\n1. Cross the laces\n2. Make a loop with one lace\n3. Wrap the other lace around the loop\n4. Push it through the hole created\n5. Pull both loops tight\nPractice these steps until they become natural."
"What is the speed of light?","The speed of light in a vacuum is approximately 299,792,458 meters per second (or about 186,282 miles per second). This is considered the universal speed limit - nothing can travel faster than this speed according to our current understanding of physics."
"Give tips for public speaking","Here are key tips for public speaking:\n1. Know your audience\n2. Practice thoroughly\n3. Start with a strong opening\n4. Use clear, simple language\n5. Maintain eye contact\n6. Speak slowly and clearly\n7. Use natural gestures\n8. End with a memorable conclusion"
"How do airplanes fly?","Airplanes fly due to four main forces:\n1. Lift: Created by the wing shape moving through air\n2. Thrust: Provided by engines pushing forward\n3. Drag: Air resistance opposing thrust\n4. Weight: Gravity pulling down\nWhen lift exceeds weight and thrust exceeds drag, the plane flies."
"Write a thank you note","Dear [Name],\nThank you so much for your thoughtful gift. It was exactly what I needed and I truly appreciate your kindness. Your generosity means a lot to me.\nBest wishes,\n[Name]"
"What causes earthquakes?","Earthquakes occur when tectonic plates move against each other, releasing stored energy. This usually happens at fault lines where plates meet. The energy releases as seismic waves that shake the Earth's surface. The point where the earthquake starts is called the epicenter."
"How to make coffee?","To make basic drip coffee:\n1. Add fresh filter to coffee maker\n2. Use 2 tablespoons ground coffee per cup\n3. Add cold water to reservoir\n4. Turn on machine\n5. Wait for brewing to complete\nAdjust coffee amount to taste."
"What is democracy?","Democracy is a system of government where power comes from the people, typically through voting. Citizens participate in decision-making either directly or through elected representatives. Key principles include free elections, individual rights, and equality under the law."
"Explain gravity","Gravity is a fundamental force that attracts objects with mass toward each other. On Earth, this force pulls everything downward toward the planet's center. The strength of gravity depends on mass and distance - larger masses and shorter distances create stronger gravitational forces."
"Give gardening tips","Essential gardening tips:\n1. Test soil quality first\n2. Choose plants suited to your climate\n3. Water deeply but infrequently\n4. Add mulch to retain moisture\n5. Remove weeds regularly\n6. Monitor for pests\n7. Provide adequate sunlight\nConsistency is key for success."
"What are primary colors?","The primary colors are red, blue, and yellow. These are called primary colors because they cannot be created by mixing other colors together, but they can be mixed to create all other colors. For example, mixing red and blue makes purple."
"How to save money?","Effective money-saving strategies:\n1. Create a monthly budget\n2. Track all expenses\n3. Cut unnecessary subscriptions\n4. Cook meals at home\n5. Use automatic savings transfers\n6. Compare prices before buying\n7. Build an emergency fund\nStart with small changes and build habits."
